{
  "qwen3:8b": {
    "mean": 0.09404530196084947,
    "std": 0.01373350633264898,
    "beta_alpha": 1.1285436235301936,
    "beta_beta": 10.871456376469805
  },
  "phi3:mini": {
    "mean": 0.09490462405651405,
    "std": 0.013446162619925883,
    "beta_alpha": 1.1388554886781685,
    "beta_beta": 10.861144511321832
  },
  "deepseek-r1:8b": {
    "mean": 0.09414410857369074,
    "std": 0.013842492517947771,
    "beta_alpha": 1.129729302884289,
    "beta_beta": 10.87027069711571
  }
}